<?xml version="1.0" encoding="UTF-8"?>
<beans xmlns="http://www.springframework.org/schema/beans"
    xmlns:xsi="http://www.w3.org/2001/XMLSchema-instance"
    xmlns:tx="http://www.springframework.org/schema/tx"
    xsi:schemaLocation="
    http://www.springframework.org/schema/beans http://www.springframework.org/schema/beans/spring-beans.xsd
    http://www.springframework.org/schema/tx http://www.springframework.org/schema/tx/spring-tx.xsd">
		
	<bean id="transactionManager" class="org.springframework.orm.hibernate4.HibernateTransactionManager">
	  <property name="sessionFactory" ref="sessionFactory"/>
	</bean>	  

	<tx:advice id="serviceTxAdvice" transaction-manager="transactionManager">
		<tx:attributes>
			<tx:method name="authentifier*"  propagation="REQUIRED" read-only="true"  rollback-for="java.lang.Exception"/>
			<tx:method name="faireVirement*" propagation="REQUIRED" read-only="false" rollback-for="java.lang.Exception"/>
			<tx:method name="select*" 		propagation="REQUIRED" read-only="true"  rollback-for="java.lang.Exception"/>
		</tx:attributes>
	</tx:advice>

</beans>
