<?xml version="1.0"?>
<!DOCTYPE hibernate-mapping PUBLIC "-//Hibernate/Hibernate Mapping DTD 3.0//EN"
"http://www.hibernate.org/dtd/hibernate-mapping-3.0.dtd">
<hibernate-mapping>
    <class name="com.banque.entity.UtilisateurEntity" table="utilisateur" catalog="banque" optimistic-lock="version">
        <id name="id" type="java.lang.Integer">
            <column name="id" />
            <generator class="native" />
        </id>
        <property name="login" type="string">
            <column name="login" length="120" not-null="true" />
        </property>
        <property name="password" type="string">
            <column name="password" length="120" not-null="true" />
        </property>
        <property name="nom" type="string">
            <column name="nom" length="120" />
        </property>
        <property name="prenom" type="string">
            <column name="prenom" length="120" />
        </property>
        <property name="sex" type="java.lang.Boolean">
            <column name="sex" />
        </property>
        <property name="derniereConnection" type="timestamp">
            <column name="derniereConnection" length="19" />
        </property>
        <property name="dateDeNaissance" type="date">
            <column name="dateDeNaissance" length="10" />
        </property>
        <property name="adresse" type="string">
            <column name="adresse" length="500" />
        </property>
        <property name="codePostal" type="java.lang.Integer">
            <column name="codePostal" />
        </property>
        <property name="telephone" type="string">
            <column name="telephone" length="20" />
        </property>
        <!-- 
        <set name="comptes" table="compte" inverse="true" lazy="true" fetch="select">
            <key>
                <column name="utilisateurId" not-null="true" />
            </key>
            <one-to-many class="fr.banque.entite.Compte" />
        </set>
         -->
    </class>
</hibernate-mapping>
